Product Name, Pricing, Rating
Apple iPhone SE (Black|64 GB),₹37,900,4.5
Apple iPhone SE (White|64 GB),₹37,900,4.5
Apple iPhone SE (Red|64 GB),₹37,900,4.5
Apple iPhone XR (Black|64 GB),₹47,500,4.6
Apple iPhone XR (White|64 GB),₹47,500,4.6
Apple iPhone XR ((PRODUCT)RED|64 GB),₹47,500,4.6
Apple iPhone SE (Black|128 GB),₹43,900,4.5
Apple iPhone SE (White|128 GB),₹43,900,4.5
Apple iPhone SE (Red|128 GB),₹43,900,4.5
Apple iPhone XR (Black|128 GB),₹53,500,4.6
Apple iPhone XR (Blue|64 GB),₹47,500,4.6
Apple iPhone 7 (Black|32 GB),₹29,799,4.5
Apple iPhone XR (White|128 GB),₹53,500,4.6
Apple iPhone XR (Coral|64 GB),₹47,500,4.6
Apple iPhone 7 Plus (Black|32 GB),₹36,999,4.5
Apple iPhone XR ((PRODUCT)RED|128 GB),₹53,500,4.6
Apple iPhone XR (Coral|128 GB),₹53,500,4.6
Apple iPhone 7 (Silver|32 GB),₹29,799,4.5
Apple iPhone XR (Blue|128 GB),₹53,500,4.6
Apple iPhone 11 (Black|64 GB),₹66,300,4.7
Apple iPhone 11 (White|128 GB),₹71,600,4.7
Apple iPhone 11 (White|64 GB),₹66,300,4.7
Apple iPhone 7 Plus (Rose Gold|128 GB),₹47,900,4.5
Apple iPhone 11 (Green|64 GB),₹66,300,4.7
